id,winner_model_a,winner_model_b,winner_tie
136060,0.240966796875,0.2626953125,0.49658203125
211333,0.248779296875,0.48388671875,0.267333984375
1233961,0.271240234375,0.405029296875,0.323974609375
